,date,open,close,high,low,volume,code
0,2018-01-02,3314.03,3348.33,3349.05,3314.03,202278860.0,sh000001
1,2018-01-03,3347.74,3369.11,3379.92,3345.29,213836149.0,sh000001
2,2018-01-04,3371.0,3385.71,3392.83,3365.3,206955288.0,sh000001
3,2018-01-05,3386.46,3391.75,3402.07,3380.25,213060681.0,sh000001
4,2018-01-08,3391.55,3409.48,3412.73,3384.56,236165106.0,sh000001
5,2018-01-09,3406.11,3413.9,3417.23,3403.59,191488551.0,sh000001
6,2018-01-10,3414.11,3421.83,3430.21,3398.84,209094997.0,sh000001
7,2018-01-11,3415.58,3425.34,3426.48,3405.64,173812133.0,sh000001
8,2018-01-12,3423.88,3428.94,3435.42,3417.98,174063404.0,sh000001
9,2018-01-15,3428.95,3410.49,3442.5,3402.31,232009283.0,sh000001
10,2018-01-16,3403.47,3436.59,3437.58,3401.96,211475468.0,sh000001
11,2018-01-17,3438.58,3444.67,3465.2,3430.51,261045030.0,sh000001
12,2018-01-18,3449.88,3474.75,3476.55,3448.79,220039555.0,sh000001
13,2018-01-19,3481.62,3487.86,3498.43,3474.29,247536733.0,sh000001
14,2018-01-22,3476.99,3501.36,3503.39,3475.67,217487534.0,sh000001
15,2018-01-23,3504.34,3546.5,3547.22,3504.34,238705904.0,sh000001
16,2018-01-24,3553.48,3559.47,3569.49,3527.11,252954496.0,sh000001
17,2018-01-25,3555.17,3548.31,3571.48,3528.03,243413422.0,sh000001
18,2018-01-26,3535.49,3558.13,3574.9,3534.2,222698295.0,sh000001
19,2018-01-29,3563.64,3523.0,3587.03,3510.27,236026965.0,sh000001
20,2018-01-30,3511.5,3488.01,3523.05,3484.66,186369975.0,sh000001
21,2018-01-31,3470.51,3480.83,3495.45,3454.73,207253403.0,sh000001
22,2018-02-01,3478.67,3446.98,3495.09,3424.42,260504707.0,sh000001
23,2018-02-02,3419.22,3462.08,3463.16,3388.86,208120551.0,sh000001
24,2018-02-05,3411.67,3487.5,3487.72,3406.24,217673754.0,sh000001
25,2018-02-06,3418.01,3370.65,3440.12,3364.22,280555477.0,sh000001
26,2018-02-07,3412.74,3309.26,3425.54,3304.01,260939714.0,sh000001
27,2018-02-08,3281.05,3262.05,3307.16,3225.71,201262499.0,sh000001
28,2018-02-09,3172.85,3129.85,3180.11,3062.74,256389176.0,sh000001
29,2018-02-12,3128.37,3154.13,3168.13,3113.61,153310831.0,sh000001
30,2018-02-13,3176.11,3184.96,3219.22,3176.11,151527597.0,sh000001
31,2018-02-14,3188.25,3199.16,3203.5,3171.38,100322827.0,sh000001
32,2018-02-22,3237.57,3268.56,3269.92,3234.12,138730445.0,sh000001
33,2018-02-23,3275.43,3289.02,3294.13,3258.49,145790368.0,sh000001
34,2018-02-26,3307.29,3329.57,3335.99,3281.61,188568602.0,sh000001
35,2018-02-27,3328.67,3292.07,3328.67,3284.63,174219368.0,sh000001
36,2018-02-28,3264.06,3259.41,3277.83,3239.84,151043536.0,sh000001
37,2018-03-01,3235.09,3273.75,3280.15,3228.58,159098320.0,sh000001
38,2018-03-02,3248.45,3254.53,3269.94,3242.27,150861063.0,sh000001
39,2018-03-05,3255.87,3256.93,3269.4,3236.72,144835988.0,sh000001
40,2018-03-06,3266.49,3289.64,3290.25,3243.65,195358046.0,sh000001
41,2018-03-07,3288.86,3271.67,3308.41,3264.76,168665019.0,sh000001
42,2018-03-08,3268.35,3288.41,3289.5,3261.55,149827519.0,sh000001
43,2018-03-09,3291.43,3307.17,3309.72,3283.56,168424509.0,sh000001
44,2018-03-12,3319.21,3326.7,3333.56,3313.56,206532436.0,sh000001
45,2018-03-13,3324.12,3310.24,3333.88,3307.38,177114353.0,sh000001
46,2018-03-14,3298.67,3291.38,3304.98,3287.36,157491085.0,sh000001
47,2018-03-15,3277.51,3291.11,3297.1,3273.2,148573606.0,sh000001
48,2018-03-16,3290.21,3269.88,3300.57,3269.28,141203647.0,sh000001
49,2018-03-19,3264.93,3279.25,3280.57,3251.05,137954980.0,sh000001
50,2018-03-20,3257.22,3290.64,3292.57,3252.43,139881081.0,sh000001
51,2018-03-21,3299.73,3280.95,3314.21,3268.88,168398277.0,sh000001
52,2018-03-22,3281.26,3263.48,3288.8,3242.76,150432977.0,sh000001
53,2018-03-23,3172.77,3152.76,3188.24,3110.66,275532013.0,sh000001
54,2018-03-26,3117.32,3133.72,3134.28,3091.46,186366350.0,sh000001
55,2018-03-27,3164.8,3166.65,3172.78,3143.57,189073383.0,sh000001
56,2018-03-28,3130.57,3122.29,3165.21,3117.53,163500488.0,sh000001
57,2018-03-29,3127.26,3160.53,3174.51,3098.25,170312384.0,sh000001
58,2018-03-30,3161.79,3168.9,3177.72,3152.89,154646596.0,sh000001
59,2018-04-02,3169.78,3163.18,3192.34,3159.99,177727777.0,sh000001
60,2018-04-03,3130.01,3136.63,3144.33,3119.13,152216674.0,sh000001
61,2018-04-04,3147.05,3131.11,3163.34,3128.87,146976682.0,sh000001
62,2018-04-09,3125.44,3138.29,3146.09,3110.3,139608621.0,sh000001
63,2018-04-10,3144.26,3190.32,3190.65,3139.08,168201359.0,sh000001
64,2018-04-11,3197.37,3208.08,3220.85,3191.59,175867197.0,sh000001
65,2018-04-12,3203.28,3180.16,3205.25,3177.05,148231313.0,sh000001
66,2018-04-13,3192.04,3159.05,3197.9,3155.51,127552310.0,sh000001
67,2018-04-16,3152.89,3110.65,3153.11,3096.1,154415695.0,sh000001
68,2018-04-17,3112.97,3066.8,3118.76,3064.03,147222846.0,sh000001
69,2018-04-18,3091.91,3091.4,3096.89,3041.62,159290503.0,sh000001
70,2018-04-19,3094.27,3117.38,3127.44,3090.29,160056805.0,sh000001
71,2018-04-20,3105.46,3071.54,3111.17,3065.92,155147091.0,sh000001
72,2018-04-23,3063.44,3068.01,3085.06,3045.94,131686340.0,sh000001
73,2018-04-24,3069.75,3128.93,3136.04,3069.75,162274806.0,sh000001
74,2018-04-25,3112.4,3117.97,3122.91,3107.0,127311053.0,sh000001
75,2018-04-26,3119.5,3075.03,3121.93,3067.93,133972736.0,sh000001
76,2018-04-27,3082.41,3082.23,3088.03,3049.91,131225643.0,sh000001
77,2018-05-02,3087.41,3081.18,3097.6,3064.76,134184566.0,sh000001
78,2018-05-03,3074.52,3100.86,3105.66,3056.16,139985620.0,sh000001
79,2018-05-04,3093.12,3091.03,3104.09,3086.78,118711265.0,sh000001
80,2018-05-07,3094.9,3136.64,3136.84,3091.66,138948186.0,sh000001
81,2018-05-08,3135.3,3161.5,3169.7,3134.06,146927061.0,sh000001
82,2018-05-09,3160.14,3159.15,3165.37,3145.66,122637268.0,sh000001
83,2018-05-10,3169.05,3174.41,3176.14,3155.53,133000756.0,sh000001
84,2018-05-11,3179.8,3163.26,3180.76,3162.21,130659749.0,sh000001
85,2018-05-14,3167.04,3174.03,3183.82,3163.48,129327353.0,sh000001
86,2018-05-15,3180.42,3192.12,3192.81,3164.52,124549051.0,sh000001
87,2018-05-16,3180.23,3169.57,3191.95,3166.81,130524968.0,sh000001
88,2018-05-17,3170.01,3154.28,3172.77,3148.62,113995567.0,sh000001
89,2018-05-18,3151.08,3193.3,3193.45,3144.78,136516918.0,sh000001
90,2018-05-21,3206.18,3213.84,3219.74,3203.34,164459413.0,sh000001
91,2018-05-22,3211.25,3214.35,3214.59,3192.23,144292684.0,sh000001
92,2018-05-23,3205.44,3168.96,3205.44,3168.96,157807648.0,sh000001
93,2018-05-24,3167.94,3154.65,3173.53,3152.07,124085800.0,sh000001
94,2018-05-25,3148.41,3141.3,3156.73,3131.07,128610843.0,sh000001
95,2018-05-28,3136.81,3135.08,3149.66,3115.96,128755918.0,sh000001
96,2018-05-29,3129.62,3120.46,3143.21,3112.15,135717800.0,sh000001
97,2018-05-30,3081.14,3041.44,3085.4,3041.0,155115126.0,sh000001
98,2018-05-31,3061.83,3095.47,3098.08,3054.27,140475532.0,sh000001
99,2018-06-01,3084.75,3075.14,3102.09,3059.79,129872199.0,sh000001
100,2018-06-04,3083.43,3091.19,3098.4,3076.99,114593902.0,sh000001
101,2018-06-05,3088.01,3114.21,3114.77,3080.05,118735592.0,sh000001
102,2018-06-06,3109.17,3115.18,3117.53,3103.53,120196135.0,sh000001
103,2018-06-07,3121.18,3109.5,3128.72,3105.58,127784970.0,sh000001
104,2018-06-08,3100.6,3067.15,3100.68,3053.29,134688220.0,sh000001
105,2018-06-11,3057.34,3052.78,3063.61,3037.91,108563786.0,sh000001
106,2018-06-12,3053.03,3079.8,3081.45,3034.1,113275096.0,sh000001
107,2018-06-13,3071.46,3049.8,3071.46,3044.12,119607886.0,sh000001
108,2018-06-14,3038.07,3044.16,3066.05,3032.41,115469487.0,sh000001
109,2018-06-15,3037.45,3021.9,3048.8,3008.73,144532571.0,sh000001
110,2018-06-19,2982.65,2907.82,2984.97,2871.35,230550067.0,sh000001
111,2018-06-20,2889.98,2915.73,2925.56,2872.16,144301420.0,sh000001
112,2018-06-21,2912.0,2875.81,2940.59,2872.62,154378332.0,sh000001
113,2018-06-22,2855.58,2889.76,2891.97,2837.14,126143129.0,sh000001
114,2018-06-25,2903.45,2859.34,2908.62,2857.87,121917687.0,sh000001
115,2018-06-26,2829.99,2844.51,2850.24,2803.79,125918468.0,sh000001
116,2018-06-27,2842.4,2813.18,2854.26,2798.8,129420833.0,sh000001
117,2018-06-28,2799.9,2786.9,2825.99,2782.45,118357907.0,sh000001
118,2018-06-29,2789.81,2847.42,2848.37,2782.38,125671685.0,sh000001
119,2018-07-02,2841.58,2775.56,2845.68,2756.81,137035034.0,sh000001
120,2018-07-03,2774.57,2786.89,2786.89,2722.45,142498466.0,sh000001
121,2018-07-04,2776.63,2759.13,2793.18,2754.16,123262181.0,sh000001
122,2018-07-05,2755.34,2733.88,2777.52,2727.94,129226112.0,sh000001
123,2018-07-06,2731.35,2747.23,2768.87,2691.02,136294380.0,sh000001
124,2018-07-09,2752.45,2815.11,2815.79,2752.45,121549309.0,sh000001
125,2018-07-10,2819.71,2827.63,2828.49,2800.62,117062748.0,sh000001
126,2018-07-11,2780.7,2777.77,2794.36,2752.44,126821149.0,sh000001
127,2018-07-12,2771.04,2837.66,2844.19,2771.04,146980200.0,sh000001
128,2018-07-13,2831.43,2831.18,2835.46,2818.85,117689348.0,sh000001
129,2018-07-16,2827.08,2814.04,2837.51,2804.49,107767151.0,sh000001
130,2018-07-17,2806.89,2798.13,2806.92,2774.76,105409220.0,sh000001
131,2018-07-18,2801.78,2787.26,2818.4,2786.04,120961165.0,sh000001
132,2018-07-19,2791.02,2772.55,2805.01,2764.49,114486493.0,sh000001
133,2018-07-20,2769.75,2829.27,2837.86,2753.84,145907688.0,sh000001
134,2018-07-23,2815.2,2859.54,2863.57,2809.62,173382797.0,sh000001
135,2018-07-24,2862.27,2905.56,2911.46,2862.27,229578307.0,sh000001
136,2018-07-25,2911.45,2903.65,2912.31,2894.04,167800207.0,sh000001
137,2018-07-26,2905.79,2882.23,2915.3,2875.7,168428202.0,sh000001
138,2018-07-27,2879.69,2873.59,2889.69,2864.11,146371610.0,sh000001
139,2018-07-30,2871.94,2869.05,2896.01,2850.3,151652249.0,sh000001
140,2018-07-31,2866.9,2876.4,2884.68,2854.32,118931117.0,sh000001
141,2018-08-01,2882.51,2824.53,2897.4,2823.93,149514348.0,sh000001
142,2018-08-02,2815.34,2768.02,2815.34,2726.48,174179003.0,sh000001
143,2018-08-03,2763.4,2740.44,2777.66,2740.43,127006363.0,sh000001
144,2018-08-06,2736.53,2705.16,2760.47,2692.32,129753058.0,sh000001
145,2018-08-07,2711.74,2779.37,2779.37,2696.04,149579743.0,sh000001
146,2018-08-08,2771.13,2744.07,2779.91,2741.07,147688715.0,sh000001
147,2018-08-09,2729.58,2794.38,2801.66,2726.22,151660333.0,sh000001
148,2018-08-10,2791.4,2795.31,2806.11,2777.51,121532232.0,sh000001
149,2018-08-13,2769.02,2785.87,2789.8,2742.56,127532241.0,sh000001
150,2018-08-14,2780.74,2780.96,2789.44,2766.57,109571077.0,sh000001
151,2018-08-15,2777.25,2723.26,2777.7,2721.24,116161787.0,sh000001
152,2018-08-16,2691.43,2705.19,2732.95,2672.74,120277878.0,sh000001
153,2018-08-17,2723.89,2668.97,2730.33,2665.59,112445294.0,sh000001
154,2018-08-20,2673.07,2698.47,2698.47,2653.11,110784164.0,sh000001
155,2018-08-21,2700.34,2733.83,2739.17,2696.29,113586839.0,sh000001
156,2018-08-22,2731.96,2714.61,2731.96,2709.06,93664640.0,sh000001
157,2018-08-23,2714.87,2724.62,2736.01,2700.8,98446470.0,sh000001
158,2018-08-24,2717.08,2729.43,2748.82,2705.32,100516269.0,sh000001
159,2018-08-27,2736.32,2780.9,2780.9,2736.32,132762578.0,sh000001
160,2018-08-28,2782.29,2777.98,2791.39,2769.4,118749367.0,sh000001
161,2018-08-29,2774.86,2769.29,2778.54,2762.35,100156929.0,sh000001
162,2018-08-30,2769.33,2737.74,2780.53,2736.35,106060943.0,sh000001
163,2018-08-31,2730.11,2725.25,2744.63,2710.54,109758742.0,sh000001
164,2018-09-03,2716.4,2720.73,2722.85,2692.36,102213011.0,sh000001
165,2018-09-04,2720.65,2750.58,2756.61,2712.38,109010307.0,sh000001
166,2018-09-05,2741.38,2704.34,2745.47,2704.34,105002269.0,sh000001
167,2018-09-06,2697.58,2691.59,2719.41,2683.74,99017833.0,sh000001
168,2018-09-07,2696.68,2702.3,2728.55,2683.72,107523293.0,sh000001
169,2018-09-10,2698.01,2669.48,2703.43,2667.32,103559170.0,sh000001
170,2018-09-11,2668.49,2664.8,2680.57,2652.7,99865946.0,sh000001
171,2018-09-12,2659.74,2656.11,2672.07,2647.17,90026758.0,sh000001
172,2018-09-13,2679.21,2686.58,2689.06,2653.19,107335014.0,sh000001
173,2018-09-14,2688.78,2681.64,2694.92,2675.29,100005008.0,sh000001
174,2018-09-17,2671.29,2651.79,2671.29,2647.92,88238888.0,sh000001
175,2018-09-18,2644.3,2699.95,2700.19,2644.3,115767993.0,sh000001
176,2018-09-19,2694.8,2730.85,2746.08,2690.99,141550318.0,sh000001
177,2018-09-20,2732.17,2729.24,2743.96,2724.08,111387463.0,sh000001
178,2018-09-21,2733.87,2797.48,2797.49,2722.03,158016642.0,sh000001
179,2018-09-25,2775.07,2781.14,2790.03,2771.16,111983179.0,sh000001
180,2018-09-26,2785.32,2806.81,2827.34,2783.34,139567706.0,sh000001
181,2018-09-27,2805.79,2791.77,2810.51,2786.32,123997696.0,sh000001
182,2018-09-28,2794.26,2821.35,2821.76,2791.84,134290456.0,sh000001
183,2018-10-08,2768.21,2716.51,2771.94,2710.18,149501388.0,sh000001
184,2018-10-09,2713.73,2721.01,2734.31,2711.2,116771899.0,sh000001
185,2018-10-10,2723.72,2725.84,2743.55,2703.06,113485736.0,sh000001
186,2018-10-11,2643.07,2583.46,2661.29,2560.32,197150702.0,sh000001
187,2018-10-12,2574.04,2606.91,2615.92,2536.67,170081635.0,sh000001
188,2018-10-15,2605.91,2568.1,2611.97,2564.74,118576197.0,sh000001
189,2018-10-16,2567.76,2546.33,2597.72,2536.44,119419144.0,sh000001
190,2018-10-17,2574.31,2561.61,2582.55,2517.57,129953997.0,sh000001
191,2018-10-18,2544.91,2486.42,2544.91,2485.62,125428513.0,sh000001
192,2018-10-19,2460.08,2550.47,2553.39,2449.2,147323558.0,sh000001
193,2018-10-22,2565.64,2654.88,2675.41,2565.64,211888449.0,sh000001
194,2018-10-23,2652.65,2594.83,2659.81,2583.26,178343543.0,sh000001
195,2018-10-24,2579.97,2603.3,2640.4,2577.77,160060407.0,sh000001
196,2018-10-25,2540.93,2603.8,2606.1,2531.53,162032979.0,sh000001
197,2018-10-26,2610.9,2598.85,2626.12,2580.85,158936119.0,sh000001
198,2018-10-29,2593.59,2542.1,2595.54,2529.19,134241923.0,sh000001
199,2018-10-30,2538.57,2568.05,2586.92,2521.78,166682309.0,sh000001
200,2018-10-31,2573.01,2602.78,2612.92,2567.03,180550348.0,sh000001
201,2018-11-01,2617.03,2606.24,2636.8,2603.65,200903932.0,sh000001
202,2018-11-02,2649.25,2676.48,2676.48,2628.87,225026921.0,sh000001
203,2018-11-05,2665.43,2665.43,2673.19,2639.27,193760100.0,sh000001
204,2018-11-06,2660.72,2659.36,2660.86,2635.32,163669479.0,sh000001
205,2018-11-07,2659.84,2641.34,2675.68,2639.25,173201986.0,sh000001
206,2018-11-08,2660.09,2635.63,2662.37,2632.3,159635487.0,sh000001
207,2018-11-09,2621.24,2598.87,2621.24,2598.16,152446307.0,sh000001
208,2018-11-12,2593.2,2630.52,2631.17,2590.21,175031308.0,sh000001
209,2018-11-13,2600.5,2654.88,2666.49,2597.35,249282447.0,sh000001
210,2018-11-14,2648.31,2632.24,2658.31,2627.96,238449351.0,sh000001
211,2018-11-15,2632.14,2668.17,2668.17,2631.89,207848721.0,sh000001
212,2018-11-16,2669.78,2679.11,2695.57,2657.03,242198849.0,sh000001
213,2018-11-19,2681.9,2703.51,2703.51,2674.18,231662827.0,sh000001
214,2018-11-20,2684.29,2645.85,2690.83,2643.36,215891309.0,sh000001
215,2018-11-21,2619.82,2651.51,2653.8,2617.78,182596447.0,sh000001
216,2018-11-22,2655.9,2645.43,2658.0,2634.48,149309063.0,sh000001
217,2018-11-23,2640.67,2579.48,2642.04,2577.35,191474549.0,sh000001
218,2018-11-26,2580.84,2575.81,2595.0,2568.04,134314540.0,sh000001
219,2018-11-27,2585.83,2574.68,2592.54,2566.17,123658436.0,sh000001
220,2018-11-28,2575.45,2601.74,2601.96,2561.56,145963473.0,sh000001
221,2018-11-29,2613.78,2567.44,2617.55,2567.44,157168738.0,sh000001
222,2018-11-30,2564.56,2588.19,2590.21,2555.32,139329021.0,sh000001
223,2018-12-03,2647.13,2654.8,2665.3,2629.18,207478955.0,sh000001
224,2018-12-04,2651.56,2665.96,2666.08,2644.9,167940558.0,sh000001
225,2018-12-05,2629.83,2649.81,2660.39,2625.91,154502056.0,sh000001
226,2018-12-06,2629.82,2605.18,2633.68,2603.13,141661650.0,sh000001
227,2018-12-07,2609.34,2605.89,2614.58,2599.28,109074993.0,sh000001
228,2018-12-10,2589.19,2584.58,2599.76,2576.24,113199669.0,sh000001
229,2018-12-11,2587.01,2594.09,2596.15,2583.2,101304364.0,sh000001
230,2018-12-12,2608.11,2602.15,2610.01,2595.07,103518301.0,sh000001
231,2018-12-13,2607.14,2634.05,2645.84,2599.46,150738115.0,sh000001
232,2018-12-14,2627.28,2593.74,2629.16,2593.74,145942488.0,sh000001
233,2018-12-17,2587.26,2597.97,2598.97,2573.87,117363250.0,sh000001
234,2018-12-18,2583.63,2576.65,2599.15,2563.57,117033370.0,sh000001
235,2018-12-19,2578.68,2549.56,2579.87,2547.08,107661797.0,sh000001
236,2018-12-20,2544.51,2536.27,2554.86,2516.02,120566496.0,sh000001
237,2018-12-21,2526.55,2516.25,2527.42,2498.69,115671200.0,sh000001
238,2018-12-24,2506.74,2527.01,2529.44,2500.44,97339852.0,sh000001
239,2018-12-25,2503.95,2504.82,2513.96,2462.84,140670560.0,sh000001
240,2018-12-26,2501.12,2498.29,2513.83,2492.08,108799629.0,sh000001
241,2018-12-27,2527.72,2483.09,2532.0,2483.09,135406843.0,sh000001
242,2018-12-28,2483.62,2493.9,2505.11,2478.32,119245250.0,sh000001
243,2019-01-02,2497.88,2465.29,2500.28,2456.42,109932013.0,sh000001
244,2019-01-03,2461.78,2464.36,2488.48,2455.93,124397497.0,sh000001
245,2019-01-04,2446.02,2514.87,2515.32,2440.91,168877667.0,sh000001
246,2019-01-07,2528.7,2533.09,2536.98,2515.51,177305010.0,sh000001
247,2019-01-08,2530.3,2526.46,2531.34,2520.16,158099181.0,sh000001
248,2019-01-09,2536.42,2544.34,2574.41,2536.16,191887930.0,sh000001
249,2019-01-10,2543.85,2535.1,2551.83,2531.66,159874326.0,sh000001
250,2019-01-11,2539.55,2553.83,2554.79,2533.36,149444100.0,sh000001
251,2019-01-14,2553.33,2535.77,2556.29,2533.01,144825464.0,sh000001
252,2019-01-15,2537.37,2570.34,2571.5,2532.43,160265530.0,sh000001
253,2019-01-16,2569.07,2570.42,2574.24,2563.01,149301539.0,sh000001
254,2019-01-17,2573.58,2559.64,2582.56,2557.71,162468134.0,sh000001
255,2019-01-18,2567.74,2596.01,2598.88,2565.9,190767237.0,sh000001
256,2019-01-21,2599.06,2610.51,2618.98,2599.06,163425115.0,sh000001
257,2019-01-22,2609.64,2579.7,2609.64,2573.06,152537773.0,sh000001
258,2019-01-23,2575.26,2581.0,2589.51,2572.41,131426798.0,sh000001
259,2019-01-24,2584.65,2591.69,2597.29,2569.7,154042046.0,sh000001
260,2019-01-25,2596.26,2601.72,2617.0,2595.63,159394026.0,sh000001
261,2019-01-28,2615.71,2596.98,2630.32,2591.1,146981765.0,sh000001
262,2019-01-29,2592.35,2594.25,2601.74,2559.98,155581112.0,sh000001
263,2019-01-30,2584.75,2575.58,2598.81,2575.41,120502571.0,sh000001
264,2019-01-31,2581.33,2584.57,2606.63,2571.58,154303869.0,sh000001
265,2019-02-01,2597.78,2618.23,2618.48,2590.55,131986850.0,sh000001
266,2019-02-11,2613.17,2653.9,2654.1,2613.17,154898858.0,sh000001
267,2019-02-12,2654.03,2671.89,2674.48,2648.83,184101179.0,sh000001
268,2019-02-13,2674.52,2721.07,2727.07,2666.52,243794010.0,sh000001
269,2019-02-14,2715.54,2719.7,2729.46,2707.49,197037349.0,sh000001
270,2019-02-15,2712.79,2682.39,2715.63,2679.78,196004265.0,sh000001
271,2019-02-18,2699.82,2754.36,2754.36,2699.82,260436007.0,sh000001
272,2019-02-19,2759.5,2755.65,2780.78,2737.59,288046271.0,sh000001
273,2019-02-20,2761.06,2761.22,2767.41,2739.98,245972527.0,sh000001
274,2019-02-21,2759.94,2751.8,2794.01,2744.98,298649969.0,sh000001
275,2019-02-22,2749.46,2804.23,2804.23,2736.33,301481411.0,sh000001
276,2019-02-25,2838.39,2961.28,2961.8,2838.39,528658590.0,sh000001
277,2019-02-26,2969.1,2941.52,2995.68,2938.62,565557967.0,sh000001
278,2019-02-27,2939.93,2953.82,2997.49,2924.64,474976453.0,sh000001
279,2019-02-28,2950.05,2940.95,2965.3,2930.2,350206602.0,sh000001
280,2019-03-01,2954.4,2994.0,2994.0,2930.83,345786200.0,sh000001
281,2019-03-04,3015.94,3027.58,3090.8,3006.94,525649436.0,sh000001
282,2019-03-05,3019.88,3054.25,3054.96,3009.45,424142529.0,sh000001
283,2019-03-06,3060.43,3102.1,3103.83,3050.11,555006365.0,sh000001
284,2019-03-07,3103.67,3106.42,3129.94,3074.98,583817065.0,sh000001
285,2019-03-08,3038.34,2969.86,3075.05,2969.58,577855473.0,sh000001
286,2019-03-11,2969.08,3026.99,3028.25,2963.58,426213029.0,sh000001
287,2019-03-12,3049.08,3060.31,3093.39,3029.9,511173158.0,sh000001
288,2019-03-13,3062.33,3026.95,3065.29,3013.93,453214625.0,sh000001
289,2019-03-14,3013.6,2990.69,3041.16,2968.82,373141798.0,sh000001
290,2019-03-15,3000.88,3021.75,3048.12,2999.43,341206139.0,sh000001
291,2019-03-18,3027.8,3096.42,3096.42,3009.51,397797179.0,sh000001
292,2019-03-19,3099.9,3090.98,3113.43,3076.36,350908860.0,sh000001
293,2019-03-20,3084.17,3090.64,3102.52,3053.45,358557505.0,sh000001
294,2019-03-21,3094.12,3101.46,3125.02,3086.85,414251182.0,sh000001
295,2019-03-22,3100.73,3104.15,3107.28,3064.88,364848346.0,sh000001
296,2019-03-25,3058.8,3043.03,3087.0,3041.95,380278762.0,sh000001
297,2019-03-26,3057.56,2997.1,3062.69,2988.49,353498021.0,sh000001
298,2019-03-27,3012.26,3022.72,3022.76,2987.77,291390357.0,sh000001
299,2019-03-28,3009.8,2994.94,3025.78,2991.78,288106425.0,sh000001
300,2019-03-29,3000.68,3090.76,3093.03,2999.99,375082991.0,sh000001
301,2019-04-01,3111.66,3170.36,3176.62,3111.66,466124693.0,sh000001
302,2019-04-02,3183.27,3176.82,3193.27,3164.91,447068981.0,sh000001
303,2019-04-03,3159.15,3216.3,3219.26,3152.33,430548635.0,sh000001
304,2019-04-04,3233.69,3246.57,3254.14,3216.85,469117669.0,sh000001
305,2019-04-08,3271.27,3244.81,3288.45,3210.52,504518403.0,sh000001
306,2019-04-09,3240.39,3239.66,3251.65,3215.7,364169997.0,sh000001
307,2019-04-10,3224.65,3241.93,3264.78,3204.88,380134408.0,sh000001
308,2019-04-11,3241.55,3189.96,3254.13,3185.55,353031879.0,sh000001
309,2019-04-12,3184.86,3188.63,3199.28,3168.04,289788996.0,sh000001
310,2019-04-15,3233.46,3177.79,3253.98,3177.27,348809785.0,sh000001
311,2019-04-16,3164.4,3253.6,3253.6,3153.21,357918752.0,sh000001
312,2019-04-17,3250.15,3263.12,3275.33,3239.8,357541796.0,sh000001
313,2019-04-18,3261.07,3250.2,3271.39,3241.83,325539942.0,sh000001
314,2019-04-19,3250.15,3270.8,3274.33,3226.81,315198004.0,sh000001
315,2019-04-22,3278.49,3215.04,3279.49,3206.88,353217387.0,sh000001
316,2019-04-23,3211.87,3198.59,3231.58,3186.76,328361207.0,sh000001
317,2019-04-24,3203.56,3201.61,3210.65,3156.61,274872164.0,sh000001
318,2019-04-25,3190.59,3123.83,3193.75,3123.03,325879129.0,sh000001
319,2019-04-26,3108.16,3086.4,3129.21,3085.8,280873854.0,sh000001
320,2019-04-29,3090.63,3062.5,3107.76,3050.03,292114886.0,sh000001
321,2019-04-30,3052.62,3078.34,3088.41,3052.62,222302517.0,sh000001
322,2019-05-06,2984.73,2906.46,2986.54,2876.47,326972269.0,sh000001
323,2019-05-07,2914.29,2926.39,2937.28,2889.07,253281769.0,sh000001
324,2019-05-08,2873.14,2893.76,2929.43,2866.7,231530519.0,sh000001
325,2019-05-09,2871.2,2850.95,2888.86,2845.04,200041133.0,sh000001
326,2019-05-10,2878.23,2939.21,2941.45,2838.38,282306808.0,sh000001
327,2019-05-13,2905.07,2903.71,2921.41,2892.17,212029882.0,sh000001
328,2019-05-14,2872.83,2883.61,2909.2,2872.83,208345353.0,sh000001
329,2019-05-15,2902.64,2938.68,2945.39,2902.64,230519701.0,sh000001
330,2019-05-16,2933.5,2955.71,2956.17,2929.06,248385701.0,sh000001
331,2019-05-17,2955.77,2882.3,2956.78,2873.8,266301643.0,sh000001
332,2019-05-20,2874.8,2870.6,2882.63,2838.45,209472442.0,sh000001
333,2019-05-21,2867.71,2905.97,2919.24,2862.5,211387022.0,sh000001
334,2019-05-22,2905.52,2891.7,2912.4,2879.64,200026905.0,sh000001
335,2019-05-23,2880.84,2852.52,2885.14,2846.96,197340309.0,sh000001
336,2019-05-24,2847.84,2852.99,2871.86,2846.02,167205490.0,sh000001
337,2019-05-27,2851.28,2892.38,2898.13,2833.04,196720902.0,sh000001
338,2019-05-28,2890.27,2909.91,2924.04,2887.08,223310557.0,sh000001
339,2019-05-29,2894.83,2914.7,2934.98,2890.66,198958821.0,sh000001
340,2019-05-30,2903.42,2905.81,2907.85,2881.38,205758789.0,sh000001
341,2019-05-31,2904.5,2898.7,2922.91,2895.58,195230580.0,sh000001
342,2019-06-03,2901.74,2890.08,2920.83,2875.9,215943554.0,sh000001
343,2019-06-04,2887.64,2862.28,2888.39,2851.97,188463541.0,sh000001
344,2019-06-05,2882.94,2861.42,2888.77,2858.57,181561047.0,sh000001
345,2019-06-06,2862.33,2827.8,2862.33,2822.19,177064411.0,sh000001
346,2019-06-10,2833.01,2852.13,2861.13,2824.36,166585918.0,sh000001
347,2019-06-11,2854.07,2925.72,2927.43,2854.07,260525796.0,sh000001
348,2019-06-12,2917.22,2909.38,2924.7,2903.88,240255775.0,sh000001
349,2019-06-13,2905.29,2910.74,2918.42,2885.92,212957791.0,sh000001
350,2019-06-14,2913.0,2881.97,2924.32,2879.66,215435796.0,sh000001
351,2019-06-17,2880.42,2887.62,2902.48,2877.39,153964960.0,sh000001
352,2019-06-18,2891.09,2890.16,2898.33,2874.31,147705320.0,sh000001
353,2019-06-19,2944.12,2917.8,2953.34,2916.21,230756973.0,sh000001
354,2019-06-20,2917.33,2987.12,2997.39,2915.09,291011537.0,sh000001
355,2019-06-21,2990.37,3001.98,3010.35,2989.25,286973835.0,sh000001
356,2019-06-24,3004.29,3008.15,3012.83,2994.42,210493894.0,sh000001
357,2019-06-25,3004.91,2982.07,3004.91,2948.99,243699244.0,sh000001
358,2019-06-26,2964.62,2976.28,2986.91,2958.46,174449533.0,sh000001
359,2019-06-27,2982.61,2996.79,3011.54,2981.04,195397049.0,sh000001
360,2019-06-28,2992.24,2978.88,2992.24,2961.22,181431523.0,sh000001
361,2019-07-01,3024.62,3044.9,3045.37,3014.69,250840433.0,sh000001
362,2019-07-02,3042.58,3043.94,3048.48,3033.78,214520624.0,sh000001
363,2019-07-03,3031.83,3015.26,3031.83,3006.32,212296173.0,sh000001
364,2019-07-04,3015.68,3005.25,3024.5,2991.91,194415133.0,sh000001
365,2019-07-05,3004.74,3011.06,3014.85,2990.92,156755429.0,sh000001
366,2019-07-08,2997.81,2933.36,2997.81,2918.72,211541268.0,sh000001
367,2019-07-09,2928.82,2928.23,2937.76,2912.81,145110604.0,sh000001
368,2019-07-10,2935.19,2915.3,2936.75,2908.16,135483538.0,sh000001
369,2019-07-11,2928.06,2917.76,2945.8,2907.89,143692522.0,sh000001
370,2019-07-12,2915.34,2930.55,2938.53,2905.81,137794759.0,sh000001
371,2019-07-15,2921.55,2942.19,2955.0,2886.7,167643397.0,sh000001
372,2019-07-16,2938.64,2937.62,2944.82,2931.29,131811751.0,sh000001
373,2019-07-17,2933.02,2931.69,2942.07,2924.46,149631616.0,sh000001
374,2019-07-18,2921.74,2901.18,2921.74,2901.18,149888828.0,sh000001
375,2019-07-19,2909.68,2924.2,2939.6,2909.68,149469553.0,sh000001
376,2019-07-22,2925.79,2886.97,2927.16,2879.69,180674960.0,sh000001
377,2019-07-23,2886.9,2899.94,2901.36,2883.05,129310508.0,sh000001
378,2019-07-24,2907.93,2923.28,2936.45,2907.79,155245762.0,sh000001
379,2019-07-25,2923.19,2937.36,2937.36,2916.15,145684385.0,sh000001
380,2019-07-26,2928.06,2944.54,2948.33,2924.45,139343388.0,sh000001
381,2019-07-29,2943.92,2941.01,2948.47,2932.98,127991846.0,sh000001
382,2019-07-30,2946.26,2952.34,2965.63,2946.26,148316462.0,sh000001
383,2019-07-31,2944.4,2932.51,2944.4,2926.49,141052348.0,sh000001
384,2019-08-01,2920.85,2908.77,2927.34,2901.75,142389813.0,sh000001
385,2019-08-02,2861.33,2867.84,2872.47,2851.44,184888443.0,sh000001
386,2019-08-05,2854.58,2821.5,2863.69,2821.5,167419423.0,sh000001
387,2019-08-06,2776.99,2777.56,2787.42,2733.92,231123727.0,sh000001
388,2019-08-07,2789.02,2768.68,2792.69,2768.68,157716752.0,sh000001
389,2019-08-08,2784.18,2794.55,2799.69,2782.24,149539564.0,sh000001
390,2019-08-09,2805.59,2774.75,2808.33,2770.48,148240293.0,sh000001
391,2019-08-12,2781.98,2814.99,2814.99,2776.62,131563433.0,sh000001
392,2019-08-13,2798.05,2797.26,2802.04,2790.61,130916505.0,sh000001
393,2019-08-14,2824.49,2808.91,2829.89,2807.72,144014641.0,sh000001
394,2019-08-15,2762.34,2815.8,2815.9,2756.83,152772152.0,sh000001
395,2019-08-16,2817.57,2823.82,2840.32,2811.8,148582344.0,sh000001
396,2019-08-19,2835.52,2883.1,2883.1,2829.85,214546668.0,sh000001
397,2019-08-20,2879.08,2880.0,2892.08,2875.0,189677206.0,sh000001
398,2019-08-21,2875.47,2880.33,2885.59,2872.56,159019665.0,sh000001
399,2019-08-22,2887.66,2883.44,2888.5,2867.55,149206215.0,sh000001
400,2019-08-23,2885.15,2897.43,2902.46,2878.74,159156826.0,sh000001
401,2019-08-26,2851.02,2863.57,2870.49,2849.24,169895363.0,sh000001
402,2019-08-27,2879.52,2902.19,2919.64,2879.41,208141794.0,sh000001
403,2019-08-28,2901.63,2893.76,2905.44,2887.01,183097903.0,sh000001
404,2019-08-29,2896.0,2890.92,2898.6,2878.59,178613082.0,sh000001
405,2019-08-30,2907.38,2886.24,2914.58,2874.1,193959951.0,sh000001
406,2019-09-02,2886.94,2924.11,2928.48,2883.68,202786807.0,sh000001
407,2019-09-03,2925.94,2930.15,2930.15,2915.2,189001216.0,sh000001
408,2019-09-04,2927.75,2957.41,2957.41,2925.88,225495907.0,sh000001
409,2019-09-05,2972.66,2985.86,3015.84,2972.66,305438706.0,sh000001
410,2019-09-06,2996.62,2999.6,2999.94,2981.6,216826035.0,sh000001
411,2019-09-09,3023.78,3024.74,3026.24,3005.69,243377752.0,sh000001
412,2019-09-10,3027.41,3021.2,3027.41,3005.38,240012947.0,sh000001
413,2019-09-11,3029.93,3008.81,3030.56,3004.22,229837362.0,sh000001
414,2019-09-12,3016.63,3031.24,3033.47,3005.19,196968701.0,sh000001
415,2019-09-16,3041.92,3030.75,3042.93,3020.05,221878959.0,sh000001
416,2019-09-17,3023.71,2978.12,3023.71,2970.57,223338061.0,sh000001
417,2019-09-18,2984.08,2985.66,2996.4,2982.4,168046699.0,sh000001
418,2019-09-19,2992.92,2999.28,2999.28,2975.4,162690615.0,sh000001
419,2019-09-20,3004.81,3006.45,3011.34,2996.19,182145302.0,sh000001
420,2019-09-23,2998.4,2977.08,2998.4,2960.83,168139450.0,sh000001
421,2019-09-24,2979.48,2985.34,3002.9,2973.76,163902761.0,sh000001
422,2019-09-25,2977.67,2955.43,2977.67,2955.43,168543135.0,sh000001
423,2019-09-26,2964.48,2929.09,2970.04,2928.26,188932541.0,sh000001
424,2019-09-27,2929.49,2932.17,2939.08,2920.93,132905777.0,sh000001
425,2019-09-30,2927.92,2905.19,2936.48,2905.19,116646811.0,sh000001
426,2019-10-08,2905.76,2913.57,2933.02,2905.76,125535812.0,sh000001
427,2019-10-09,2902.08,2924.86,2924.86,2891.54,130424144.0,sh000001
428,2019-10-10,2923.71,2947.71,2949.24,2918.23,134239752.0,sh000001
429,2019-10-11,2954.82,2973.66,2980.79,2943.01,161203746.0,sh000001
430,2019-10-14,2993.96,3007.88,3026.38,2989.81,208614802.0,sh000001
431,2019-10-15,3005.66,2991.05,3005.66,2986.3,155376904.0,sh000001
432,2019-10-16,2992.61,2978.71,3010.42,2975.92,149885496.0,sh000001
433,2019-10-17,2979.99,2977.33,2986.72,2969.57,122527614.0,sh000001
434,2019-10-18,2982.34,2938.14,2987.2,2933.24,149990678.0,sh000001
435,2019-10-21,2933.9,2939.62,2940.32,2917.69,132475107.0,sh000001
436,2019-10-22,2945.6,2954.38,2954.64,2934.39,117482048.0,sh000001
437,2019-10-23,2952.97,2941.62,2957.3,2934.63,123812881.0,sh000001
438,2019-10-24,2944.01,2940.92,2953.04,2927.06,126540290.0,sh000001
439,2019-10-25,2940.47,2954.93,2958.24,2920.52,136860706.0,sh000001
440,2019-10-28,2958.69,2980.05,2980.13,2956.96,173731481.0,sh000001
441,2019-10-29,2979.04,2954.18,2979.04,2954.18,166110058.0,sh000001
442,2019-10-30,2949.46,2939.32,2953.3,2934.83,158798110.0,sh000001
443,2019-10-31,2944.84,2929.06,2946.75,2923.52,161571483.0,sh000001
444,2019-11-01,2924.34,2958.2,2959.83,2917.15,159907373.0,sh000001
445,2019-11-04,2964.58,2975.49,2983.06,2964.58,167248364.0,sh000001
446,2019-11-05,2977.7,2991.56,3008.31,2968.03,179891593.0,sh000001
447,2019-11-06,2992.04,2978.6,2995.56,2969.72,165263547.0,sh000001
448,2019-11-07,2978.15,2978.71,2988.96,2969.12,136952678.0,sh000001
449,2019-11-08,2993.98,2964.18,2998.76,2962.84,149742107.0,sh000001
450,2019-11-11,2949.96,2909.97,2949.96,2906.77,157916105.0,sh000001
451,2019-11-12,2913.0,2914.82,2918.3,2891.51,129729154.0,sh000001
452,2019-11-13,2913.02,2905.24,2913.86,2893.97,129765841.0,sh000001
453,2019-11-14,2907.74,2909.87,2917.37,2899.62,129145448.0,sh000001
454,2019-11-15,2911.35,2891.34,2917.83,2891.2,135519463.0,sh000001
455,2019-11-18,2889.55,2909.2,2911.38,2884.09,124433177.0,sh000001
456,2019-11-19,2904.28,2933.99,2933.99,2902.85,135417604.0,sh000001
457,2019-11-20,2928.11,2911.05,2930.49,2907.42,137357530.0,sh000001
458,2019-11-21,2902.55,2903.64,2910.36,2891.53,123458607.0,sh000001
459,2019-11-22,2906.24,2885.29,2925.02,2873.99,158623365.0,sh000001
460,2019-11-25,2885.61,2906.17,2906.61,2880.65,178587429.0,sh000001
461,2019-11-26,2912.52,2907.06,2915.04,2897.93,170004663.0,sh000001
462,2019-11-27,2905.4,2903.19,2914.49,2893.42,133862205.0,sh000001
463,2019-11-28,2902.36,2889.69,2909.84,2883.43,119522468.0,sh000001
464,2019-11-29,2885.97,2871.98,2892.39,2858.58,122612968.0,sh000001
465,2019-12-02,2874.45,2875.81,2888.89,2870.24,128755806.0,sh000001
466,2019-12-03,2869.88,2884.7,2884.86,2857.32,123778742.0,sh000001
467,2019-12-04,2876.91,2878.12,2882.5,2869.42,125543653.0,sh000001
468,2019-12-05,2886.52,2899.47,2902.0,2885.08,143163096.0,sh000001
469,2019-12-06,2902.28,2912.01,2912.01,2894.75,134128878.0,sh000001
470,2019-12-09,2914.46,2914.48,2919.59,2905.25,160796527.0,sh000001
471,2019-12-10,2908.94,2917.32,2919.2,2902.79,170123998.0,sh000001
472,2019-12-11,2922.6,2924.42,2928.26,2915.0,165541087.0,sh000001
473,2019-12-12,2926.34,2915.7,2926.34,2913.48,151760804.0,sh000001
474,2019-12-13,2937.78,2967.68,2969.98,2935.85,211978585.0,sh000001
475,2019-12-16,2970.97,2984.39,2984.64,2958.71,211862119.0,sh000001
476,2019-12-17,2985.26,3022.42,3039.38,2982.5,293032254.0,sh000001
477,2019-12-18,3021.47,3017.04,3033.23,3011.72,244089691.0,sh000001
478,2019-12-19,3017.15,3017.07,3021.42,3007.99,208624264.0,sh000001
479,2019-12-20,3019.64,3004.94,3027.48,3002.26,215075755.0,sh000001
480,2019-12-23,2999.04,2962.75,3009.34,2960.44,205716617.0,sh000001
481,2019-12-24,2965.83,2982.68,2983.82,2960.68,163030250.0,sh000001
482,2019-12-25,2980.43,2981.88,2988.29,2970.66,175654028.0,sh000001
483,2019-12-26,2981.25,3007.35,3007.35,2980.4,182440426.0,sh000001
484,2019-12-27,3006.85,3005.04,3036.11,3003.63,247102779.0,sh000001
485,2019-12-30,2998.17,3040.02,3041.4,2983.34,248066530.0,sh000001
486,2019-12-31,3036.39,3050.12,3051.68,3030.51,217429022.0,sh000001
487,2020-01-02,3066.34,3085.2,3098.1,3066.34,292470208.0,sh000001
488,2020-01-03,3089.02,3083.79,3093.82,3074.52,261496667.0,sh000001
489,2020-01-06,3070.91,3083.41,3107.2,3065.31,312575842.0,sh000001
490,2020-01-07,3085.49,3104.8,3105.45,3084.33,276583111.0,sh000001
491,2020-01-08,3094.24,3066.89,3094.24,3059.13,297872553.0,sh000001
492,2020-01-09,3082.64,3094.88,3097.33,3080.13,243435649.0,sh000001
493,2020-01-10,3102.29,3092.29,3105.22,3081.4,210442462.0,sh000001
494,2020-01-13,3091.49,3115.57,3115.57,3075.38,210621004.0,sh000001
495,2020-01-14,3120.67,3106.82,3127.17,3105.6,229973769.0,sh000001
496,2020-01-15,3103.17,3090.04,3107.94,3082.04,202313023.0,sh000001
497,2020-01-16,3095.73,3074.08,3096.37,3070.88,203375475.0,sh000001
498,2020-01-17,3081.46,3075.5,3091.95,3067.25,190304299.0,sh000001
499,2020-01-20,3082.11,3095.79,3096.31,3070.48,210493341.0,sh000001
500,2020-01-21,3085.79,3052.14,3085.79,3051.23,234830739.0,sh000001
501,2020-01-22,3038.49,3060.75,3069.25,3006.27,223852865.0,sh000001
502,2020-01-23,3037.95,2976.53,3045.04,2955.35,272763234.0,sh000001
503,2020-02-03,2716.7,2746.61,2766.58,2716.7,215912103.0,sh000001
504,2020-02-04,2685.27,2783.29,2786.16,2685.27,364046200.0,sh000001
505,2020-02-05,2792.37,2818.09,2842.74,2778.86,309761823.0,sh000001
506,2020-02-06,2826.89,2866.51,2876.59,2807.61,316392142.0,sh000001
507,2020-02-07,2858.93,2875.96,2875.96,2838.77,309479642.0,sh000001
508,2020-02-10,2860.5,2890.49,2891.85,2851.05,294929784.0,sh000001
509,2020-02-11,2894.54,2901.67,2913.82,2882.24,269168335.0,sh000001
510,2020-02-12,2895.56,2926.9,2926.9,2892.42,248733429.0,sh000001
511,2020-02-13,2927.14,2906.07,2935.41,2901.24,274804844.0,sh000001
512,2020-02-14,2899.87,2917.01,2926.94,2899.57,250650627.0,sh000001
513,2020-02-17,2924.99,2983.62,2983.64,2924.99,313198007.0,sh000001
514,2020-02-18,2981.41,2984.97,2990.6,2960.78,311665913.0,sh000001
515,2020-02-19,2979.52,2975.4,2998.27,2971.82,315141151.0,sh000001
516,2020-02-20,2981.88,3030.15,3031.37,2968.45,345732881.0,sh000001
517,2020-02-21,3022.25,3039.67,3058.9,3020.14,364557276.0,sh000001
518,2020-02-24,3027.89,3031.23,3042.18,3007.36,370430044.0,sh000001
519,2020-02-25,2982.07,3013.05,3016.95,2943.72,441622762.0,sh000001
520,2020-02-26,2978.42,2987.93,3028.78,2974.94,469049552.0,sh000001
521,2020-02-27,2992.49,2991.33,3009.46,2980.48,350523658.0,sh000001
522,2020-02-28,2924.64,2880.3,2948.13,2878.54,401216914.0,sh000001
523,2020-03-02,2899.31,2970.93,2982.51,2899.31,367333369.0,sh000001
524,2020-03-03,3006.89,2992.9,3026.84,2976.62,410108047.0,sh000001
525,2020-03-04,2981.81,3011.67,3012.0,2974.36,353338278.0,sh000001
526,2020-03-05,3036.15,3071.68,3074.26,3022.93,445425806.0,sh000001
527,2020-03-06,3039.94,3034.51,3052.44,3029.46,362061533.0,sh000001
528,2020-03-09,2987.18,2943.29,2989.21,2940.71,414560736.0,sh000001
529,2020-03-10,2918.93,2996.76,3000.3,2904.8,393296648.0,sh000001
530,2020-03-11,3001.76,2968.52,3010.03,2968.52,352470970.0,sh000001
531,2020-03-12,2936.02,2923.49,2944.47,2906.28,307778457.0,sh000001
532,2020-03-13,2804.23,2887.43,2910.88,2799.98,366450436.0,sh000001
533,2020-03-16,2897.3,2789.25,2898.03,2784.66,351878665.0,sh000001
534,2020-03-17,2796.28,2779.64,2826.91,2715.22,306149677.0,sh000001
535,2020-03-18,2792.32,2728.76,2815.87,2728.76,291159852.0,sh000001
536,2020-03-19,2719.41,2702.13,2736.82,2646.8,302302747.0,sh000001
537,2020-03-20,2727.02,2745.62,2751.9,2702.49,252019507.0,sh000001
538,2020-03-23,2677.59,2660.17,2703.33,2656.5,249820250.0,sh000001
539,2020-03-24,2703.02,2722.44,2723.41,2667.13,257021930.0,sh000001
540,2020-03-25,2775.3,2781.59,2788.64,2757.8,273144466.0,sh000001
541,2020-03-26,2761.9,2764.91,2788.5,2753.43,234084022.0,sh000001
542,2020-03-27,2792.98,2772.2,2805.55,2771.76,240764066.0,sh000001
543,2020-03-30,2739.72,2747.21,2759.1,2723.05,239706604.0,sh000001
544,2020-03-31,2767.31,2750.3,2771.17,2743.12,218598674.0,sh000001
545,2020-04-01,2743.54,2734.52,2773.36,2731.08,217253427.0,sh000001
546,2020-04-02,2720.23,2780.64,2780.64,2719.9,217864600.0,sh000001
547,2020-04-03,2773.58,2763.99,2780.59,2754.07,200837404.0,sh000001
548,2020-04-07,2806.97,2820.76,2823.28,2801.84,270198186.0,sh000001
549,2020-04-08,2805.92,2815.37,2823.21,2800.3,243515305.0,sh000001
550,2020-04-09,2825.84,2825.9,2832.4,2820.43,238184843.0,sh000001
551,2020-04-10,2827.19,2796.63,2833.01,2789.98,233454768.0,sh000001
552,2020-04-13,2784.6,2783.05,2792.89,2774.08,177124554.0,sh000001
553,2020-04-14,2794.8,2827.28,2827.3,2789.43,202696569.0,sh000001
554,2020-04-15,2826.66,2811.17,2829.75,2808.7,205621146.0,sh000001
555,2020-04-16,2798.43,2819.94,2823.34,2796.84,203003773.0,sh000001
556,2020-04-17,2835.56,2838.49,2854.96,2830.02,245736750.0,sh000001
557,2020-04-20,2840.41,2852.55,2852.99,2833.26,211847078.0,sh000001
558,2020-04-21,2842.24,2827.01,2842.24,2808.02,233235870.0,sh000001
559,2020-04-22,2814.07,2843.98,2843.98,2808.48,217320000.0,sh000001
560,2020-04-23,2850.51,2838.5,2853.64,2835.9,248779037.0,sh000001
561,2020-04-24,2834.94,2808.53,2834.94,2802.5,235185076.0,sh000001
562,2020-04-27,2812.24,2815.49,2832.67,2802.96,210130981.0,sh000001
563,2020-04-28,2819.99,2810.02,2821.75,2758.25,253872745.0,sh000001
564,2020-04-29,2801.38,2822.44,2831.76,2800.74,202061807.0,sh000001
565,2020-04-30,2832.38,2860.08,2865.59,2832.38,242455278.0,sh000001
566,2020-05-06,2831.63,2878.14,2879.26,2830.65,249826616.0,sh000001
567,2020-05-07,2876.47,2871.52,2882.02,2864.58,226736957.0,sh000001
568,2020-05-08,2882.71,2895.34,2903.8,2879.2,226822075.0,sh000001
569,2020-05-11,2901.57,2894.8,2914.28,2884.38,225120410.0,sh000001
570,2020-05-12,2894.62,2891.56,2897.9,2871.23,197082985.0,sh000001
571,2020-05-13,2882.96,2898.05,2900.26,2875.54,185061310.0,sh000001
572,2020-05-14,2887.06,2870.34,2887.06,2869.18,197776202.0,sh000001
573,2020-05-15,2880.71,2868.46,2884.22,2863.37,188983592.0,sh000001
574,2020-05-18,2872.52,2875.42,2889.98,2862.27,226022882.0,sh000001
575,2020-05-19,2897.69,2898.58,2900.22,2887.58,197222405.0,sh000001
576,2020-05-20,2896.47,2883.74,2896.47,2876.18,210519985.0,sh000001
577,2020-05-21,2890.72,2867.92,2891.52,2864.21,203532038.0,sh000001
578,2020-05-22,2863.05,2813.77,2863.05,2808.02,209063712.0,sh000001
579,2020-05-25,2816.24,2817.97,2821.5,2802.47,172885557.0,sh000001
580,2020-05-26,2827.9,2846.55,2848.34,2825.9,174562369.0,sh000001
581,2020-05-27,2847.32,2836.8,2849.0,2831.93,198149343.0,sh000001
582,2020-05-28,2838.21,2846.22,2861.92,2820.15,207546019.0,sh000001
583,2020-05-29,2835.58,2852.35,2855.38,2829.63,206792804.0,sh000001
584,2020-06-01,2871.96,2915.43,2917.15,2871.96,260196050.0,sh000001
585,2020-06-02,2916.32,2921.4,2926.36,2909.13,256108049.0,sh000001
586,2020-06-03,2930.39,2923.37,2942.76,2922.66,255663980.0,sh000001
587,2020-06-04,2931.84,2919.25,2932.97,2910.75,226605873.0,sh000001
588,2020-06-05,2923.19,2930.8,2930.8,2909.12,217360673.0,sh000001
589,2020-06-08,2941.98,2937.77,2950.07,2934.21,231124360.0,sh000001
590,2020-06-09,2939.54,2956.11,2957.12,2932.94,209048585.0,sh000001
591,2020-06-10,2951.28,2943.75,2951.33,2934.84,207925969.0,sh000001
592,2020-06-11,2939.79,2920.9,2952.65,2912.19,233722947.0,sh000001
593,2020-06-12,2876.8,2919.74,2930.26,2872.62,236008642.0,sh000001
594,2020-06-15,2908.28,2890.03,2922.54,2890.03,243205046.0,sh000001
595,2020-06-16,2912.83,2931.75,2931.78,2909.13,223313065.0,sh000001
596,2020-06-17,2932.67,2935.87,2936.62,2919.04,234654391.0,sh000001
597,2020-06-18,2929.88,2939.32,2942.9,2920.11,258691377.0,sh000001
598,2020-06-19,2938.79,2967.63,2973.32,2935.82,264313961.0,sh000001
599,2020-06-22,2966.9,2965.27,2983.44,2959.04,267883834.0,sh000001
600,2020-06-23,2960.89,2970.62,2972.4,2949.85,225212208.0,sh000001
601,2020-06-24,2972.98,2979.55,2982.94,2971.22,213200732.0,sh000001
602,2020-06-29,2973.08,2961.52,2977.91,2951.77,220622729.0,sh000001
603,2020-06-30,2965.11,2984.67,2990.83,2965.11,214957214.0,sh000001
604,2020-07-01,2991.18,3025.98,3026.19,2984.98,273313140.0,sh000001
605,2020-07-02,3023.72,3090.57,3092.44,3021.67,391127996.0,sh000001
606,2020-07-03,3104.0,3152.81,3152.81,3104.0,458793851.0,sh000001
607,2020-07-06,3187.84,3332.88,3337.27,3187.84,643878906.0,sh000001
608,2020-07-07,3380.95,3345.34,3407.08,3336.24,657840159.0,sh000001
609,2020-07-08,3337.55,3403.44,3421.53,3327.71,587081685.0,sh000001
610,2020-07-09,3403.48,3450.59,3456.97,3393.64,620001823.0,sh000001
611,2020-07-10,3418.93,3383.32,3433.11,3372.51,556120011.0,sh000001
612,2020-07-13,3379.39,3443.29,3458.79,3369.04,558006875.0,sh000001
613,2020-07-14,3435.02,3414.62,3451.22,3366.08,543211492.0,sh000001
614,2020-07-15,3422.08,3361.3,3432.45,3345.75,492030542.0,sh000001
615,2020-07-16,3356.36,3210.1,3373.53,3209.73,490613123.0,sh000001
616,2020-07-17,3214.4,3214.13,3252.78,3181.27,359652413.0,sh000001
617,2020-07-20,3243.91,3314.15,3314.15,3220.68,418555306.0,sh000001
618,2020-07-21,3330.55,3320.89,3336.68,3300.57,359252029.0,sh000001
619,2020-07-22,3315.18,3333.16,3381.98,3311.79,393335335.0,sh000001
620,2020-07-23,3306.15,3325.11,3336.3,3257.83,407042499.0,sh000001
621,2020-07-24,3310.64,3196.77,3319.13,3184.96,427054026.0,sh000001
622,2020-07-27,3210.39,3205.23,3221.98,3174.66,299319021.0,sh000001
623,2020-07-28,3226.13,3227.96,3245.3,3208.49,289377861.0,sh000001
624,2020-07-29,3221.99,3294.55,3294.55,3209.99,324924062.0,sh000001
625,2020-07-30,3299.57,3286.82,3312.45,3282.16,340704121.0,sh000001
626,2020-07-31,3280.8,3310.01,3333.79,3261.61,353758979.0,sh000001
627,2020-08-03,3332.18,3367.97,3368.1,3327.68,407460867.0,sh000001
628,2020-08-04,3376.44,3371.69,3391.07,3352.5,442328551.0,sh000001
629,2020-08-05,3363.33,3377.56,3383.64,3333.88,385823027.0,sh000001
630,2020-08-06,3380.76,3386.46,3392.7,3334.33,415302510.0,sh000001
631,2020-08-07,3370.59,3354.04,3374.13,3307.71,403929633.0,sh000001
632,2020-08-10,3341.53,3379.25,3399.93,3335.04,381379630.0,sh000001
633,2020-08-11,3379.49,3340.29,3409.06,3336.09,400452706.0,sh000001
634,2020-08-12,3327.49,3319.27,3335.73,3263.27,378328959.0,sh000001
635,2020-08-13,3328.18,3320.73,3338.15,3309.46,324291278.0,sh000001
636,2020-08-14,3315.67,3360.1,3362.03,3302.74,305998376.0,sh000001
637,2020-08-17,3373.9,3438.8,3450.9,3369.37,434598260.0,sh000001
638,2020-08-18,3441.93,3451.09,3456.72,3432.64,380729275.0,sh000001
639,2020-08-19,3444.56,3408.13,3454.46,3406.16,405722214.0,sh000001
640,2020-08-20,3385.96,3363.9,3394.56,3352.78,335600982.0,sh000001
641,2020-08-21,3380.23,3380.68,3393.92,3358.0,287488340.0,sh000001
642,2020-08-24,3391.11,3385.64,3396.57,3368.03,266227841.0,sh000001
643,2020-08-25,3392.88,3373.58,3408.87,3364.16,277113421.0,sh000001
644,2020-08-26,3371.81,3329.74,3382.6,3320.14,294451036.0,sh000001
645,2020-08-27,3333.49,3350.11,3351.83,3312.99,237099353.0,sh000001
646,2020-08-28,3346.29,3403.81,3405.88,3339.65,271325549.0,sh000001
647,2020-08-31,3416.55,3395.68,3442.74,3395.47,323473890.0,sh000001
648,2020-09-01,3389.74,3410.61,3410.61,3381.71,246999249.0,sh000001
649,2020-09-02,3420.47,3404.8,3421.4,3377.21,261546319.0,sh000001
650,2020-09-03,3404.03,3384.98,3425.63,3374.26,255346279.0,sh000001
651,2020-09-04,3336.41,3355.37,3360.11,3328.55,221636550.0,sh000001
652,2020-09-07,3349.92,3292.59,3368.24,3285.63,260616567.0,sh000001
653,2020-09-08,3301.22,3316.42,3324.39,3276.44,271066278.0,sh000001
654,2020-09-09,3281.0,3254.63,3289.61,3238.56,351509747.0,sh000001
655,2020-09-10,3282.23,3234.82,3285.47,3227.64,312472804.0,sh000001
656,2020-09-11,3225.78,3260.35,3262.5,3220.54,221698830.0,sh000001
657,2020-09-14,3275.92,3278.81,3283.53,3261.15,213924137.0,sh000001
658,2020-09-15,3277.13,3295.68,3297.69,3263.75,197684400.0,sh000001
659,2020-09-16,3293.17,3283.92,3302.46,3271.08,200443364.0,sh000001
660,2020-09-17,3277.32,3270.44,3290.41,3248.5,202931972.0,sh000001
661,2020-09-18,3270.91,3338.09,3338.32,3268.53,256260788.0,sh000001
662,2020-09-21,3348.9,3316.94,3350.59,3313.07,216503093.0,sh000001
663,2020-09-22,3290.67,3274.3,3320.23,3265.7,214015065.0,sh000001
664,2020-09-23,3278.84,3279.71,3289.76,3264.89,169178068.0,sh000001
665,2020-09-24,3262.88,3223.18,3265.35,3221.24,206736011.0,sh000001
666,2020-09-25,3234.37,3219.42,3239.47,3208.03,164822419.0,sh000001
667,2020-09-28,3224.98,3217.53,3238.18,3210.89,155982783.0,sh000001
668,2020-09-29,3231.86,3224.36,3242.79,3219.79,151349870.0,sh000001
669,2020-09-30,3232.71,3218.05,3244.91,3202.34,153504457.0,sh000001
670,2020-10-09,3262.61,3272.08,3280.51,3260.19,188325648.0,sh000001
671,2020-10-12,3287.33,3358.47,3359.15,3286.11,259622408.0,sh000001
672,2020-10-13,3353.12,3359.75,3361.83,3334.5,204926103.0,sh000001
673,2020-10-14,3353.62,3340.78,3353.62,3332.96,198659382.0,sh000001
674,2020-10-15,3342.92,3332.18,3354.58,3330.0,191031282.0,sh000001
675,2020-10-16,3334.46,3336.36,3348.95,3319.11,194295421.0,sh000001
676,2020-10-19,3351.1,3312.67,3371.09,3307.84,212303540.0,sh000001
677,2020-10-20,3307.15,3328.1,3328.1,3293.77,165084762.0,sh000001
678,2020-10-21,3332.15,3325.02,3332.15,3304.17,177632115.0,sh000001
679,2020-10-22,3315.82,3312.5,3320.88,3281.37,165949987.0,sh000001
680,2020-10-23,3308.16,3278.0,3326.05,3276.62,174208982.0,sh000001
681,2020-10-26,3258.7,3251.12,3264.45,3226.6,167731795.0,sh000001
682,2020-10-27,3240.74,3254.32,3258.34,3235.54,149115566.0,sh000001
683,2020-10-28,3256.22,3269.24,3275.87,3238.38,173181965.0,sh000001
684,2020-10-29,3235.76,3272.73,3289.77,3231.12,184703589.0,sh000001
685,2020-10-30,3278.63,3224.53,3279.86,3219.42,230188803.0,sh000001
686,2020-11-02,3228.72,3225.12,3242.8,3209.91,226779137.0,sh000001
687,2020-11-03,3239.81,3271.07,3278.38,3237.85,215297864.0,sh000001
688,2020-11-04,3273.43,3277.44,3286.62,3254.11,188514128.0,sh000001
689,2020-11-05,3305.58,3320.13,3320.41,3291.6,226801462.0,sh000001
690,2020-11-06,3326.46,3312.16,3326.46,3292.15,234864132.0,sh000001
691,2020-11-09,3329.43,3373.73,3380.82,3329.43,310219771.0,sh000001
692,2020-11-10,3387.62,3360.15,3387.62,3346.17,278701113.0,sh000001
693,2020-11-11,3354.02,3342.2,3365.84,3339.04,271204653.0,sh000001
694,2020-11-12,3344.46,3338.68,3350.28,3329.49,216501309.0,sh000001
695,2020-11-13,3327.23,3310.1,3327.23,3291.64,227898364.0,sh000001
696,2020-11-16,3325.62,3346.97,3346.97,3313.65,279593761.0,sh000001
697,2020-11-17,3347.15,3339.9,3347.7,3323.95,283632479.0,sh000001
698,2020-11-18,3337.33,3347.3,3358.89,3333.99,287531259.0,sh000001
699,2020-11-19,3339.09,3363.09,3367.33,3330.45,253262992.0,sh000001
700,2020-11-20,3359.6,3377.73,3380.15,3356.31,261271219.0,sh000001
701,2020-11-23,3384.1,3414.49,3431.65,3377.99,373872047.0,sh000001
702,2020-11-24,3407.41,3402.82,3413.93,3396.24,300994144.0,sh000001
703,2020-11-25,3417.52,3362.33,3423.49,3362.33,322110207.0,sh000001
704,2020-11-26,3360.06,3369.73,3371.45,3344.28,255886822.0,sh000001
705,2020-11-27,3373.84,3408.31,3408.31,3364.49,280649894.0,sh000001
706,2020-11-30,3418.16,3391.76,3456.74,3391.76,384989968.0,sh000001
707,2020-12-01,3388.99,3451.94,3457.64,3386.91,316188980.0,sh000001
708,2020-12-02,3453.52,3449.38,3465.73,3435.87,312811114.0,sh000001
709,2020-12-03,3448.54,3442.14,3452.16,3428.8,298459930.0,sh000001
710,2020-12-04,3436.73,3444.58,3448.4,3417.05,256276705.0,sh000001
711,2020-12-07,3446.65,3416.6,3449.58,3414.31,254522508.0,sh000001
712,2020-12-08,3417.69,3410.18,3428.66,3403.03,226907328.0,sh000001
713,2020-12-09,3416.08,3371.96,3422.54,3371.92,260747424.0,sh000001
714,2020-12-10,3365.73,3373.28,3384.89,3357.75,247308304.0,sh000001
715,2020-12-11,3381.01,3347.19,3383.18,3325.17,298617158.0,sh000001
716,2020-12-14,3349.53,3369.12,3371.13,3338.63,239807926.0,sh000001
717,2020-12-15,3366.58,3367.23,3373.56,3348.42,225667402.0,sh000001
718,2020-12-16,3371.26,3366.98,3378.66,3359.17,220813976.0,sh000001
719,2020-12-17,3367.28,3404.87,3406.15,3354.01,275463631.0,sh000001
720,2020-12-18,3400.49,3394.9,3413.81,3382.75,280992641.0,sh000001
721,2020-12-21,3394.39,3420.57,3423.61,3381.12,283759794.0,sh000001
722,2020-12-22,3410.97,3356.78,3415.75,3353.86,323037654.0,sh000001
723,2020-12-23,3362.47,3382.32,3394.21,3360.2,299523527.0,sh000001
724,2020-12-24,3382.19,3363.11,3394.07,3354.02,275044450.0,sh000001
725,2020-12-25,3351.79,3396.56,3397.01,3348.35,294546895.0,sh000001
726,2020-12-28,3396.36,3397.29,3412.52,3383.65,316181542.0,sh000001
727,2020-12-29,3399.29,3379.04,3407.09,3376.09,311769185.0,sh000001
728,2020-12-30,3375.01,3414.45,3414.45,3374.42,291023543.0,sh000001
729,2020-12-31,3419.73,3473.07,3474.92,3419.73,335673926.0,sh000001
730,2021-01-04,3474.68,3502.96,3511.66,3457.21,380790800.0,sh000001
731,2021-01-05,3492.19,3528.68,3528.68,3484.72,407995934.0,sh000001
732,2021-01-06,3530.91,3550.88,3556.8,3513.13,370230926.0,sh000001
733,2021-01-07,3552.91,3576.2,3576.2,3526.62,405348226.0,sh000001
734,2021-01-08,3577.69,3570.11,3588.06,3544.89,345557896.0,sh000001
735,2021-01-11,3571.32,3531.5,3597.7,3516.99,362479154.0,sh000001
736,2021-01-12,3518.01,3608.34,3608.34,3517.47,323406153.0,sh000001
737,2021-01-13,3613.28,3598.65,3622.35,3575.59,388127791.0,sh000001
738,2021-01-14,3584.93,3565.9,3599.06,3559.6,347666819.0,sh000001
739,2021-01-15,3566.28,3566.38,3589.27,3533.79,324612744.0,sh000001
740,2021-01-18,3554.8,3596.22,3608.77,3544.26,301652565.0,sh000001
741,2021-01-19,3596.36,3566.38,3603.15,3553.02,323439541.0,sh000001
742,2021-01-20,3564.12,3583.09,3589.96,3556.44,272271661.0,sh000001
743,2021-01-21,3590.92,3621.26,3636.24,3585.8,327466995.0,sh000001
744,2021-01-22,3616.54,3606.75,3616.54,3585.03,324463084.0,sh000001
745,2021-01-25,3605.36,3624.24,3637.1,3591.02,327341070.0,sh000001
746,2021-01-26,3610.97,3569.43,3610.97,3564.74,278139884.0,sh000001
747,2021-01-27,3567.55,3573.34,3578.8,3546.49,264107161.0,sh000001
748,2021-01-28,3534.67,3505.18,3549.54,3496.88,270862461.0,sh000001
749,2021-01-29,3521.72,3483.07,3531.6,3446.55,293662664.0,sh000001
750,2021-02-01,3477.17,3505.28,3506.39,3469.88,277567901.0,sh000001
751,2021-02-02,3510.81,3533.68,3535.5,3495.57,264540630.0,sh000001
752,2021-02-03,3531.15,3517.31,3544.01,3508.51,297351716.0,sh000001
753,2021-02-04,3503.78,3501.86,3524.72,3465.77,298834854.0,sh000001
754,2021-02-05,3509.49,3496.33,3536.54,3492.96,290146174.0,sh000001
755,2021-02-08,3504.56,3532.45,3542.21,3492.13,249799619.0,sh000001
756,2021-02-09,3539.77,3603.49,3604.01,3528.68,253821760.0,sh000001
757,2021-02-10,3612.61,3655.09,3662.77,3612.5,257940824.0,sh000001
758,2021-02-18,3721.09,3675.36,3731.69,3663.66,340309065.0,sh000001
759,2021-02-19,3661.78,3696.17,3699.65,3634.01,361059804.0,sh000001
760,2021-02-22,3707.19,3642.44,3717.27,3642.44,488821478.0,sh000001
761,2021-02-23,3617.7,3636.36,3672.15,3617.7,398873174.0,sh000001
762,2021-02-24,3638.94,3564.08,3645.65,3531.59,362158952.0,sh000001
763,2021-02-25,3595.54,3585.05,3608.56,3568.47,366232299.0,sh000001
764,2021-02-26,3514.56,3509.08,3550.41,3500.7,333280067.0,sh000001
765,2021-03-01,3531.48,3551.4,3552.57,3511.99,315487526.0,sh000001
766,2021-03-02,3566.85,3508.59,3566.85,3485.36,339830486.0,sh000001
767,2021-03-03,3500.16,3576.9,3577.62,3498.72,347656846.0,sh000001
768,2021-03-04,3546.64,3503.49,3552.2,3487.38,393616120.0,sh000001
769,2021-03-05,3463.31,3501.99,3523.57,3456.67,356409223.0,sh000001
770,2021-03-08,3524.98,3421.41,3542.3,3421.22,387047954.0,sh000001
771,2021-03-09,3415.34,3359.29,3429.15,3328.31,407652539.0,sh000001
772,2021-03-10,3389.84,3357.74,3397.03,3354.82,299749166.0,sh000001
773,2021-03-11,3369.9,3436.83,3436.83,3369.9,322112044.0,sh000001
774,2021-03-12,3447.2,3453.08,3454.51,3417.24,358027035.0,sh000001
775,2021-03-15,3441.88,3419.95,3457.49,3392.51,367813293.0,sh000001
776,2021-03-16,3424.65,3446.73,3448.88,3406.17,316668747.0,sh000001
777,2021-03-17,3435.73,3445.55,3454.06,3410.28,280059818.0,sh000001
778,2021-03-18,3449.64,3463.07,3478.14,3449.38,284403891.0,sh000001
779,2021-03-19,3423.87,3404.66,3439.52,3389.29,309161716.0,sh000001
780,2021-03-22,3406.12,3443.44,3443.66,3404.23,312559084.0,sh000001
781,2021-03-23,3445.34,3411.51,3445.42,3390.05,326389409.0,sh000001
782,2021-03-24,3394.13,3367.06,3415.29,3362.18,317398697.0,sh000001
783,2021-03-25,3355.07,3363.59,3382.23,3344.97,270676097.0,sh000001
784,2021-03-26,3373.32,3418.33,3423.22,3373.32,274614987.0,sh000001
785,2021-03-29,3429.63,3435.3,3449.83,3409.89,284824243.0,sh000001
786,2021-03-30,3432.53,3456.68,3457.63,3423.32,285423081.0,sh000001
787,2021-03-31,3452.21,3441.91,3452.21,3420.83,283049261.0,sh000001
788,2021-04-01,3444.81,3466.33,3470.03,3438.83,275244295.0,sh000001
789,2021-04-02,3472.63,3484.39,3487.59,3462.83,262654873.0,sh000001
790,2021-04-06,3491.63,3482.97,3493.28,3471.76,234746671.0,sh000001
791,2021-04-07,3483.42,3479.63,3483.42,3453.19,295786978.0,sh000001
792,2021-04-08,3467.49,3482.55,3495.91,3459.32,331755329.0,sh000001
793,2021-04-09,3475.44,3450.68,3475.45,3442.14,280085196.0,sh000001
794,2021-04-12,3445.97,3412.95,3456.16,3403.9,309577239.0,sh000001
795,2021-04-13,3411.29,3396.47,3425.39,3387.9,270626054.0,sh000001
796,2021-04-14,3397.02,3416.72,3420.03,3392.98,233242327.0,sh000001
797,2021-04-15,3409.61,3398.99,3409.61,3373.09,234005054.0,sh000001
798,2021-04-16,3407.19,3426.62,3432.63,3394.13,258579672.0,sh000001
799,2021-04-19,3427.55,3477.55,3479.01,3414.36,302735819.0,sh000001
800,2021-04-20,3467.15,3472.94,3494.3,3463.46,285300082.0,sh000001
801,2021-04-21,3456.3,3472.93,3481.25,3450.11,253777859.0,sh000001
802,2021-04-22,3482.83,3465.11,3485.36,3456.32,251114510.0,sh000001
803,2021-04-23,3462.09,3474.17,3482.36,3456.33,249360433.0,sh000001
804,2021-04-26,3484.11,3441.17,3497.12,3438.57,276970771.0,sh000001
805,2021-04-27,3440.09,3442.61,3443.85,3417.26,253032393.0,sh000001
806,2021-04-28,3432.16,3457.07,3457.07,3423.33,247381120.0,sh000001
807,2021-04-29,3458.08,3474.9,3478.23,3447.59,276631387.0,sh000001
808,2021-04-30,3468.3,3446.86,3469.09,3426.9,312660354.0,sh000001
809,2021-05-06,3446.07,3441.28,3471.24,3426.85,310424192.0,sh000001
810,2021-05-07,3446.41,3418.87,3457.89,3416.78,353785389.0,sh000001
811,2021-05-10,3423.59,3427.99,3429.74,3401.93,374170884.0,sh000001
812,2021-05-11,3406.6,3441.85,3448.1,3384.7,350934112.0,sh000001
813,2021-05-12,3429.75,3462.75,3466.37,3428.39,311444547.0,sh000001
814,2021-05-13,3432.14,3429.54,3448.02,3418.38,319325327.0,sh000001
815,2021-05-14,3436.09,3490.38,3490.64,3422.56,336982309.0,sh000001
816,2021-05-17,3490.41,3517.62,3530.51,3490.14,322135969.0,sh000001
817,2021-05-18,3520.65,3529.01,3529.01,3510.86,271308558.0,sh000001
818,2021-05-19,3521.11,3510.96,3521.11,3503.82,278321117.0,sh000001
819,2021-05-20,3500.88,3506.94,3517.74,3486.07,326009333.0,sh000001
820,2021-05-21,3510.84,3486.56,3518.38,3479.67,283826285.0,sh000001
821,2021-05-24,3486.27,3497.28,3498.3,3469.87,289509242.0,sh000001
822,2021-05-25,3502.54,3581.34,3584.58,3502.44,341241127.0,sh000001
823,2021-05-26,3586.84,3593.36,3603.49,3585.37,341980288.0,sh000001
824,2021-05-27,3585.73,3608.85,3626.36,3579.26,309551486.0,sh000001
825,2021-05-28,3610.77,3600.78,3622.18,3582.36,349208830.0,sh000001
826,2021-05-31,3600.07,3615.48,3615.66,3580.65,331523770.0,sh000001
827,2021-06-01,3608.6,3624.71,3626.07,3581.91,352811413.0,sh000001
828,2021-06-02,3626.33,3597.14,3629.29,3584.6,348558420.0,sh000001
829,2021-06-03,3595.42,3584.21,3618.51,3584.21,354233031.0,sh000001
830,2021-06-04,3565.47,3591.84,3618.8,3561.89,330893038.0,sh000001
